Disciplina,Dia,Início,Fim,Sala,Docente,Curso,Semestre
JAN009A - Estatística I,Quarta,07:30,09:30,C101,GUSTAVO,AG,2
JAN022A - METODOLOGIA CIENTÍFICA E TECNOLÓGICA,Quarta,09:30,11:30,C106,MAYTE,AG,2
JAN006A - Cálculo II,Quinta,07:30,09:30,C101,LETICIA,AG,2
JAG058A - Fundamentos em Extensão,Quinta,09:30,11:30,C102,GUSTAVO,AG,2
JAN007A - FÍSICA I,Segunda,09:30,11:30,C109,DOUGLAS,AG,2
JAG052A - Desenho assistido por computador,Segunda,13:30,15:30,A102,LUCAS,AG,2
JAG052A - Desenho assistido por computador,Segunda,15:30,16:30,A102,LUCAS,AG,2
JAG002A - Agrometereologia,Sexta,07:30,09:30,B204,MAYCON,AG,2
JAN007A - FÍSICA I,Sexta,09:30,11:30,C109,DOUGLAS,AG,2
JAN006A - Cálculo II,Terça,07:30,09:30,C101,LETICIA,AG,2
JAG016A - Fisiologia Vegetal,Terça,09:30,11:30,C108,RENATA,AG,2
JAG028A - Agricultura Geral,Quarta,07:30,09:30,C104,RENATA,AG,4
JAG028A - Agricultura Geral,Quarta,09:30,10:30,C104,RENATA,AG,4
JAN017A - Física III,Quarta,15:30,17:30,,,AG,4
JAG032A - Pedologia,Quinta,07:30,09:30,B201,OSVALDO,AG,4
JAG032A - Pedologia,Quinta,09:30,10:30,B201,OSVALDO,AG,4
JAG033A - Mecânica Geral,Quinta,13:30,15:30,C104,JUSTI,AG,4
JAG033A - Mecânica Geral,Quinta,15:30,16:30,C104,JUSTI,AG,4
JAG026A - Topografia II (turma A),Segunda,08:30,09:30,C105,CARLOS_HEN,AG,4
JAG026A - Topografia II (turma A),Segunda,09:30,11:30,C105,CARLOS_HEN,AG,4
JAG005A - Tratores e motores,Segunda,13:30,15:30,B105,MARCELO_J,AG,4
JAG005A - Tratores e motores,Segunda,15:30,16:30,B105,MARCELO_J,AG,4
JAG032A - Pedologia,Sexta,07:30,09:30,B201,OSVALDO,AG,4
JAN018A - Fenômenos de Transporte,Sexta,09:30,11:30,,,AG,4
JAN020A - TECNOLOGIA DA DECISÃO I,Sexta,13:30,15:30,,,AG,4
JAN018A - Fenômenos de Transporte,Terça,09:30,11:30,,,AG,4
JAN020A - TECNOLOGIA DA DECISÃO I,Terça,13:30,15:30,,,AG,4
JAN017A - Física III,Terça,15:30,17:30,,,AG,4
JAG019A - Fundamentos de irrigação e Drenagem,Quarta,09:30,12:30,B204,MAYCON,AG,6
JAG008A - Geoprocessamento,Quinta,09:30,12:30,C105,CARLOS_HEN,AG,6
JAG031A - Projetos de Sistemas de Secagem e Aeração,Quinta,13:30,17:30,C119,LUCAS,AG,6
JAG047A - Projeto Integrado I (Armazenamento),Segunda,08:30,11:30,C119,LUCAS,AG,6
JAG004A - Instalações elétricas,Sexta,07:30,09:30,B203,MARCELO_F,AG,6
JAG040A - Saneamento Rural,Sexta,09:30,11:30,B204,MAYCON,AG,6
JAG015A - Resistência dos Materiais,Sexta,13:30,16:30,C104,JUSTI,AG,6
JAG004A - Instalações elétricas,Terça,07:30,09:30,B203,MARCELO_F,AG,6
JAG039A - Fundamentos de Fertilidade do Solo,Terça,09:30,12:30,B201,GUSTAVO,AG,6
JAG036A - Projeto de Instalações Zootécnicas,Terça,13:30,15:30,C104,FABIO,AG,6
JAG018A - Agricultura de Precisão,Quarta,08:30,09:30,C105,CARLOS_HEN,AG,8
JAG018A - Agricultura de Precisão,Quarta,09:30,11:30,C105,CARLOS_HEN,AG,8
JAG056A - Projeto Integrado III (Máquinas),Quarta,13:30,15:30,B105,MARCELO_J,AG,8
JAG056A - Projeto Integrado III (Máquinas),Quarta,15:30,18:30,B105,MARCELO_J,AG,8
JAG055A - Tecnologia Pós-Colheita,Quinta,07:30,09:30,C119,LUCAS,AG,8
JAG038A - Controle e Automação Agrícola,Quinta,09:30,11:30,B203,MARCELO_F,AG,8
JAG063A - PLANTIO DIRETO,Quinta,13:30,15:30,C108,GUSTAVO,AG,8
JAG065A - ESTRUTURAS DE AÇO E MADEIRA,Segunda,08:30,09:30,C110,JOSE_GAB,AG,8
JAG065A - ESTRUTURAS DE AÇO E MADEIRA,Segunda,09:30,11:30,C110,JOSE_GAB,AG,8
JAG042A - Cultivo Protegido,Segunda,13:30,16:30,C107,RENATA,AG,8
JAG029 - Estruturas de Concreto Armado,Sexta,08:30,09:30,C108,JUSTI,AG,8
JAG029 - Estruturas de Concreto Armado,Sexta,09:30,11:30,C108,JUSTI,AG,8
JAG035 - Projetos de Máquinas,Terça,07:30,09:30,A102,MARCELO_J,AG,8
JAG038A - Controle e Automação Agrícola,Terça,09:30,11:30,B203,MARCELO_F,AG,8
JAG012A - MECÂNICA DOS SOLOS,Terça,13:30,15:30,C108,OSVALDO,AG,8
JAN009A - Estatística I,Quarta,07:30,09:30,,,AL,2
JAN022A - METODOLOGIA CIENTÍFICA E TECNOLÓGICA,Quarta,09:30,11:30,,,AL,2
JAL050A - Tópicos Extensionistas em EAL I,Quarta,13:30,15:30,C119,LEOMARA,AL,2
JAL050A - Tópicos Extensionistas em EAL I,Quarta,15:30,17:30,C119,LEOMARA,AL,2
JAN006A - Cálculo II,Quinta,07:30,09:30,,,AL,2
JAL004A - Química Orgânica,Quinta,09:30,12:30,C110,EDUARDO,AL,2
JAL047A - Matérias primas Agropecuárias,Segunda,07:30,09:30,B203,SUELEN,AL,2
JAN007A - FÍSICA I,Segunda,09:30,11:30,,,AL,2
JAL042A - Balanço de Massa,Sexta,07:30,09:30,C109,LUANA,AL,2
JAN007A - FÍSICA I,Sexta,09:30,11:30,,,AL,2
JAN006A - Cálculo II,Terça,07:30,09:30,,,AL,2
JAN025A - Física Experimental I,Terça,13:30,15:30,B301,A DEFINIR,AL,2
JAN017A - FÍSICA III,Quarta,07:30,09:30,C102,A DEFINIR,AL,4
JAN016A - Cálculo IV,Quarta,09:30,11:30,C108,IGOR,AL,4
JAN029A - FÍSICA EXPERIMENTAL III,Quarta,13:30,15:30,,,AL,4
JAN017A - FÍSICA III,Quinta,07:30,09:30,C102,A DEFINIR,AL,4
JAL001A - Bioquímica I,Quinta,09:30,11:30,B201,JOSIELLE,AL,4
JAN020A - TECNOLOGIA DA DECISÃO I,Quinta,13:30,15:30,,,AL,4
JAL051A - Tópicos Extensionistas em EAL II,Segunda,13:30,15:30,C108,KELLY,AL,4
JAL051A - Tópicos Extensionistas em EAL II,Segunda,15:30,17:30,C108,KELLY,AL,4
JAL006A - Físico-Química,Sexta,07:30,09:30,C102,SUB_Quim,AL,4
JAN018A - Fenômenos de Transporte,Sexta,09:30,11:30,B106,LUANA,AL,4
JAN016A - Cálculo IV,Sexta,13:30,15:30,C108,IGOR,AL,4
JAN018A - Fenômenos de Transporte,Terça,09:30,11:30,C102,LUANA,AL,4
JAN020A - TECNOLOGIA DA DECISÃO I,Terça,13:30,15:30,,,AL,4
JAL012A - Transferência de Calor e Massa,Quarta,07:30,09:30,C109,DANIEL,AL,6
JAL012A - Transferência de Calor e Massa,Quarta,09:30,11:30,C109,DANIEL,AL,6
JAL052A - Tópicos Extensionistas em EAL III,Quarta,13:30,15:30,C113,LUANA,AL,6
JAL052A - Tópicos Extensionistas em EAL III,Quarta,15:30,17:30,C113,LUANA,AL,6
JAL002A - Análise de Alimentos,Quinta,07:30,09:30,C107,SUELEN,AL,6
JAL002A - Análise de Alimentos,Quinta,09:30,11:30,C107,SUELEN,AL,6
JAL009A - Termodinâmica II,Quinta,13:30,15:30,B201,ERIKA,AL,6
JAL009A - Termodinâmica II,Quinta,15:30,16:30,B201,ERIKA,AL,6
JAL011A - Operações Unitárias I,Segunda,07:30,09:30,C108,LEOMARA,AL,6
JAL011A - Operações Unitárias I,Segunda,09:30,11:30,C108,LEOMARA,AL,6
JAL007A - Química de alimentos,Segunda,13:30,15:30,C104,EDUARDO,AL,6
JAL007A - Química de alimentos,Segunda,15:30,16:30,C104,EDUARDO,AL,6
JAL055A - Microbiologia Preditiva,Sexta,07:30,09:30,C103,DANIEL,AL,6
JAL055A - Microbiologia Preditiva,Sexta,09:30,11:30,C103,DANIEL,AL,6
JAL 045A - Higiene e segurança de alimentos,Sexta,13:30,15:30,B201,JOSIELLE,AL,6
JAL010A - Microbiologia de Alimentos,Terça,07:30,09:30,C104,DIRLEI,AL,6
JAL010A - Microbiologia de Alimentos,Terça,09:30,11:30,C104,DIRLEI,AL,6
JAL023A - Laboratório de Operações Unitárias I,Terça,13:30,15:30,B106,LEOMARA,AL,6
JAL023A - Laboratório de Operações Unitárias I,Terça,15:30,16:30,B106,LEOMARA,AL,6
JAL022A - Tecnologia de Frutas e Hortaliças,Quarta,07:30,09:30,C107,DIRLEI,AL,8
JAL022A - Tecnologia de Frutas e Hortaliças,Quarta,09:30,10:30,C107,DIRLEI,AL,8
JAL027A - Lab de Operações Unitárias II,Quarta,13:30,16:30,C108,ERIKA,AL,8
JAL021A - Projetos Industriais,Quinta,07:30,09:30,C108,LUANA,AL,8
JAL021A - Projetos Industriais,Quinta,09:30,11:30,C108,LUANA,AL,8
JAL024A - Análise Sensorial,Segunda,13:30,17:30,C119,LEOMARA,AL,8
JAL020A - Operações Unitárias III,Terça,13:30,16:30,B203,ERIKA,AL,8
JAL031 - Estágio Supervisionado,Sábado,07:30,09:30,,,AL,10
JAL030 - Trabalho de Conclusão de Curso,Sábado,09:30,11:30,,,AL,10
JAN022A - METODOLOGIA CIENTÍFICA E TECNOLÓGICA,Quarta,13:30,15:30,B307,MAYTE,EP,2
JEP010A - PROCESSOS DE FABRICAÇÃO PARA EP,Quinta,13:30,15:30,B105,NETO,EP,2
JAN007A - FÍSICA I,Quinta,15:30,17:30,C101,DOUGLAS,EP,2
JAG052A - Desenho assistido por computador,Segunda,08:30,09:30,A102,ALEX_FER,EP,2
JAG052A - Desenho assistido por computador,Segunda,09:30,11:30,A102,ALEX_FER,EP,2
JAN006A  - CÁLCULO  II,Segunda,13:30,15:30,,,EP,2
JAN007A - FÍSICA I,Sexta,13:30,15:30,C101,DOUGLAS,EP,2
JAN025A - Física Experimental I,Terça,09:30,11:30,B301,A DEFINIR,EP,2
JAN009A - ESTATÍSTICA I,Terça,13:30,15:30,,,EP,2
JAN006A  - CÁLCULO  II,Terça,15:30,17:30,,,EP,2
JEP009A - CIÊNCIA DOS MATERIAIS PARA EP,Quarta,09:30,11:30,,NETO,EP,4
JAN029A - FÍSICA EXPERIMENTAL III,Quarta,13:30,15:30,B301,GISELE,EP,4
JAN017A - FÍSICA III,Quarta,15:30,17:30,C110,GISELE,EP,4
JEP009A - CIÊNCIA DOS MATERIAIS PARA EP,Quinta,09:30,11:30,,NETO,EP,4
JAN020A - TECNOLOGIA DA DECISÃO I,Quinta,13:30,15:30,C102,JULIANA,EP,4
JEP007A - PROJETO DO TRABALHO,Segunda,09:30,11:30,,WIL_SANTOS,EP,4
JEP014A - GESTÃO DA QUALIDADE,Segunda,13:30,15:30,C109,ALEX_FER,EP,4
JEP006A - ADMINISTRAÇÃO ESTRATÉGICA DE OPERAÇÕES,Segunda,15:30,17:30,C109,GERMANO,EP,4
JAN018A - Fenômenos de Transporte,Sexta,09:30,11:30,,,EP,4
JEP006A - ADMINISTRAÇÃO ESTRATÉGICA DE OPERAÇÕES,Sexta,13:30,15:30,B307,GERMANO,EP,4
JEP014A - GESTÃO DA QUALIDADE,Sexta,15:30,17:30,C109,ALEX_FER,EP,4
JAN018A - Fenômenos de Transporte,Terça,09:30,11:30,,,EP,4
JAN020A - TECNOLOGIA DA DECISÃO I,Terça,13:30,15:30,C102,JULIANA,EP,4
JAN017A - FÍSICA III,Terça,15:30,17:30,C110,GISELE,EP,4
JEP020A - PROJETO E DESENVOLVIMENTO DE PRODUTOS,Quarta,09:30,11:30,B307,WIL_SANTOS,EP,6
JEP023A - SISTEMAS DE MANUTENÇÃO E CONFIABILIDADE,Quarta,13:30,16:30,C109,NETO,EP,6
JEP052A - PLANEJAMENTO DE VENDAS E OPERAÇÕES,Quinta,09:30,11:30,B307,GAZOLI,EP,6
JEP003A - TECNOLOGIA DA DECISÃO II,Quinta,15:30,17:30,C102,JULIANA,EP,6
JEP048A - ECONOMIA CIRCULAR,Segunda,15:30,17:30,B307,GIAN,EP,6
JEP020A - PROJETO E DESENVOLVIMENTO DE PRODUTOS,Sexta,09:30,11:30,B307,WIL_SANTOS,EP,6
JEP022A - CONTABILIDADE E CUSTOS INDUSTRIAIS,Sexta,13:30,16:30,A102,WIL_SANTOS,EP,6
JEP049A - PROJETO INTEGRADOR EXTENSIONISTA III,Terça,07:30,09:30,B307,GIAN,EP,6
JEP049A - PROJETO INTEGRADOR EXTENSIONISTA III,Terça,09:30,12:30,B307,GIAN,EP,6
JEP048A - ECONOMIA CIRCULAR,Terça,13:30,15:30,B307,GIAN,EP,6
JEP003A - TECNOLOGIA DA DECISÃO II,Terça,15:30,17:30,C102,JULIANA,EP,6
JEP012A - PROJETOS DE INSTALAÇÕES INDUSTRIAIS E DE SERVIÇO,Quarta,13:30,15:30,A102,GAZOLI,EP,8
JEP012A - PROJETOS DE INSTALAÇÕES INDUSTRIAIS E DE SERVIÇO,Quarta,15:30,17:30,A102,GAZOLI,EP,8
JEP008A - TECNOLOGIA DA DECISÃO III,Quinta,09:30,11:30,C109,MARCO,EP,8
JEP019A - ENGENHARIA DA QUALIDADE,Quinta,13:30,15:30,C110,MARCO,EP,8
JEP016A - SIMULAÇÃO,Quinta,15:30,17:30,A102,GAZOLI,EP,8
JEP018A - EMPREENDEDORISMO,Segunda,13:30,15:30,B307,GIAN,EP,8
JEP017A - ENGENHARIA ECONÔMICA,Segunda,15:30,17:30,C110,ALEX_FER,EP,8
JEP017A - ENGENHARIA ECONÔMICA,Sexta,13:30,15:30,C110,ALEX_FER,EP,8
JEP016A - SIMULAÇÃO,Sexta,15:30,17:30,A102,GAZOLI,EP,8
JEP008A - TECNOLOGIA DA DECISÃO III,Terça,09:30,11:30,C109,MARCO,EP,8
JEP019A - ENGENHARIA DA QUALIDADE,Terça,13:30,15:30,C110,MARCO,EP,8
JEP018A - EMPREENDEDORISMO,Terça,15:30,17:30,B307,GIAN,EP,8
JEP025 - ESTÁGIO SUPERVISIONADO (PERÍODO ESPECIAL 2025.2),Sábado,13:30,15:30,,,EP,10
JEP044A - TRABALHO DE CONCLUSÃO DE CURSO II,Sábado,15:30,17:30,,,EP,10
BIAES007 - Matemática Discreta,Quarta,13:30,15:30,C104,ALEX_ZUGE,IAES,2
BIAES007 - Matemática Discreta,Quarta,15:30,17:30,C104,ALEX_ZUGE,IAES,2
BIAES008 - Filosofia e Tecnologia,Quinta,13:30,15:30,C109,ADRIANO,IAES,2
BIAES008 - Filosofia e Tecnologia,Quinta,15:30,17:30,C109,ADRIANO,IAES,2
"BIAES004 - COMUNICAÇÃO, EXPRESSÃO E METODOLOGIA DA PESQUISA CIENTÍFICA",Segunda,09:30,11:30,C106,MAYTE,IAES,2
JAN006A  - CÁLCULO  II,Segunda,13:30,15:30,C101,LETICIA,IAES,2
BIAES006 - Circuitos Digitais,Segunda,15:30,18:30,C106,PAULO,IAES,2
"BIAES004 - COMUNICAÇÃO, EXPRESSÃO E METODOLOGIA DA PESQUISA CIENTÍFICA",Sexta,09:30,11:30,C106,MAYTE,IAES,2
BIAES005 - Algoritmos e Estruturas de Dados II,Sexta,13:30,15:30,C105,ALEX_ZUGE,IAES,2
BIAES005 - Algoritmos e Estruturas de Dados II,Sexta,15:30,17:30,C105,ALEX_ZUGE,IAES,2
JAN009A - ESTATÍSTICA I,Terça,13:30,15:30,C101,MARIANA,IAES,2
JAN006A  - CÁLCULO  II,Terça,15:30,17:30,C101,LETICIA,IAES,2
JCE026 - Física II,Quarta,17:00,19:00,B201,ANA_C,LCE-Física,2
JCE216 - Química Geral I,Quarta,19:00,20:00,B210,VAL,LCE-Física,2
JCE215 - Química Geral Experimental I,Quarta,20:00,21:00,B210,VAL,LCE-Física,2
JCE214 - Geometria Analítica,Quarta,21:00,23:00,B201,JANETE,LCE-Física,2
JCE115 - Fundamentos da Educação,Quinta,19:00,21:00,A109,ADRIANO,LCE-Física,2
JCE114 - Língua Brasileira de Sinais,Quinta,21:00,23:00,B201,PAOLA_B,LCE-Física,2
JCE026 - Física II,Segunda,17:00,19:00,B201,ANA_C,LCE-Física,2
JCE216 - Química Geral I,Segunda,19:00,21:00,B307,VAL,LCE-Física,2
JCE213 - Introdução à Física,Segunda,21:00,23:00,B307,WIL_NASC,LCE-Física,2
JCE116 - Pensamento Computacional,Sexta,19:00,21:00,B307,SUB_Comp,LCE-Física,2
JCE116 - Pensamento Computacional,Sexta,21:00,23:00,B307,SUB_Comp,LCE-Física,2
JCE052 - TCCII,Sábado,19:00,21:00,,BARBARA,LCE-Física,2
JCE115 - Fundamentos da Educação,Terça,19:00,21:00,B201,ADRIANO,LCE-Física,2
JCE214 - Geometria Analítica,Terça,21:00,23:00,B201,JANETE,LCE-Física,2
JCE222 - Cálculo II,Quarta,19:00,21:00,A109,GALVAO,LCE-Física,4
JCE224 - Física II,Quarta,19:00,21:00,B201,ANA_C,LCE-Física,4
JCE034 - Química IV,Quarta,19:00,21:00,B203,JOSIELLE,LCE-Física,4
JCE032 - MATEMÁTICA IV,Quarta,21:00,23:00,B203,IGOR,LCE-Física,4
JCE224 - Física II,Quinta,19:00,21:00,B201,ANA_C,LCE-Física,4
JCE033 - Física IV,Quinta,19:00,21:00,B203,WIL_NASC,LCE-Física,4
JCE223 - Física Experimental II,Quinta,21:00,23:00,B301,WIL_NASC,LCE-Física,4
JCE226 - Química geral III,Segunda,19:00,22:00,B210,SUB_Quim,LCE-Física,4
JCE033 - Física IV,Segunda,19:00,21:00,B203,WIL_NASC,LCE-Física,4
JCE225 - Química Geral Experimental III,Segunda,22:00,23:00,B210,SUB_Quim,LCE-Física,4
JCE119 - Tecnologias educacionais,Sexta,19:00,21:00,A102,PAULO,LCE-Física,4
JCE119 - Tecnologias educacionais,Sexta,21:00,23:00,A102,PAULO,LCE-Física,4
JCE118 - Educação Básica e Gestão escolar,Sábado,19:00,20:00,EAD,ADRIANO,LCE-Física,4
JCE222 - Cálculo II,Terça,19:00,21:00,A109,GALVAO,LCE-Física,4
JCE034 - Química IV,Terça,19:00,21:00,B203,JOSIELLE,LCE-Física,4
JCE118 - Educação Básica e Gestão escolar,Terça,21:00,23:00,A109,ADRIANO,LCE-Física,4
JCE032 - MATEMÁTICA IV,Terça,21:00,23:00,B203,IGOR,LCE-Física,4
JCE314 - Estágio de Formação Ped. em Fisica I,Quarta,08:30,12:30,A101,HERCILIA,LCE-Física,6
JCE231 - Estatística I,Quarta,19:00,21:00,A102,IGOR,LCE-Física,6
JCE121 - Didática geral,Quinta,19:00,21:00,B304,KELLY,LCE-Física,6
JCE231 - Estatística I,Quinta,21:00,23:00,A102,IGOR,LCE-Física,6
JCE315 - Prática Pedagógica de Física I,Segunda,08:30,12:30,A101,HERCILIA,LCE-Física,6
JAN025 - Estatística e Probabilidade,Segunda,13:30,16:30,,,LCE-Física,6
JCE121 - Didática geral,Terça,19:00,21:00,B304,KELLY,LCE-Física,6
JCE026 - Física II,Quarta,17:00,19:00,,,LCE-Matemática,2
JCE216 - Química Geral I,Quarta,19:00,20:00,,,LCE-Matemática,2
JCE215 - Química Geral Experimental I,Quarta,20:00,21:00,,,LCE-Matemática,2
JCE214 - Geometria Analítica,Quarta,21:00,23:00,,,LCE-Matemática,2
JCE115 - Fundamentos da Educação,Quinta,19:00,21:00,,,LCE-Matemática,2
JCE114 - Língua Brasileira de Sinais,Quinta,21:00,23:00,,,LCE-Matemática,2
JCE026 - Física II,Segunda,17:00,19:00,,,LCE-Matemática,2
JCE216 - Química Geral I,Segunda,19:00,21:00,,,LCE-Matemática,2
JCE213 - Introdução à Física,Segunda,21:00,23:00,,,LCE-Matemática,2
JCE116 - Pensamento Computacional,Sexta,19:00,21:00,,,LCE-Matemática,2
JCE116 - Pensamento Computacional,Sexta,21:00,23:00,,,LCE-Matemática,2
JCE052 - TCCII,Sábado,19:00,21:00,,,LCE-Matemática,2
JCE115 - Fundamentos da Educação,Terça,19:00,21:00,,,LCE-Matemática,2
JCE214 - Geometria Analítica,Terça,21:00,23:00,,,LCE-Matemática,2
JCE222 - Cálculo II,Quarta,19:00,21:00,,,LCE-Matemática,4
JCE224 - Física II,Quarta,19:00,21:00,,,LCE-Matemática,4
JCE034 - Química IV,Quarta,19:00,21:00,,,LCE-Matemática,4
JCE032 - MATEMÁTICA IV,Quarta,21:00,23:00,,,LCE-Matemática,4
JCE224 - Física II,Quinta,19:00,21:00,,,LCE-Matemática,4
JCE033 - Física IV,Quinta,19:00,21:00,,,LCE-Matemática,4
JCE223 - Física Experimental II,Quinta,21:00,23:00,,,LCE-Matemática,4
JCE226 - Química geral III,Segunda,19:00,22:00,,,LCE-Matemática,4
JCE033 - Física IV,Segunda,19:00,21:00,,,LCE-Matemática,4
JCE225 - Química Geral Experimental III,Segunda,22:00,23:00,,,LCE-Matemática,4
JCE119 - Tecnologias educacionais,Sexta,19:00,21:00,,,LCE-Matemática,4
JCE119 - Tecnologias educacionais,Sexta,21:00,23:00,,,LCE-Matemática,4
JCE118 - Educação Básica e Gestão escolar,Sábado,19:00,20:00,,,LCE-Matemática,4
JCE222 - Cálculo II,Terça,19:00,21:00,,,LCE-Matemática,4
JCE034 - Química IV,Terça,19:00,21:00,,,LCE-Matemática,4
JCE118 - Educação Básica e Gestão escolar,Terça,21:00,23:00,,,LCE-Matemática,4
JCE032 - MATEMÁTICA IV,Terça,21:00,23:00,,,LCE-Matemática,4
JCE231 - Estatística I,Quarta,19:00,21:00,,,LCE-Matemática,6
JCE095 - Estágio Supervisionado de Docência em Mat. II,Quarta,21:00,23:00,A101,WELLINGTON,LCE-Matemática,6
JCE121 - Didática geral,Quinta,19:00,21:00,,,LCE-Matemática,6
JCE231 - Estatística I,Quinta,21:00,23:00,,,LCE-Matemática,6
JAN025 - Estatística e Probabilidade,Segunda,13:30,16:30,,,LCE-Matemática,6
JCE094 - Prática Pedagógica do Ensino de Matemática II,Segunda,19:00,21:00,A101,WELLINGTON,LCE-Matemática,6
JCE094 - Prática Pedagógica do Ensino de Matemática II,Segunda,21:00,23:00,A101,WELLINGTON,LCE-Matemática,6
JCE095 - Estágio Supervisionado de Docência em Mat. II,Sábado,13:00,16:00,A101,WELLINGTON,LCE-Matemática,6
JCE121 - Didática geral,Terça,19:00,21:00,,,LCE-Matemática,6
JCE095 - Estágio Supervisionado de Docência em Mat. II,Terça,21:00,23:00,A101,WELLINGTON,LCE-Matemática,6
JCE067 - Modelagem Matemática,Quarta,19:00,21:00,A109,WELLINGTON,LCE-Matemática,8
JCE101 - Análise Real,Quinta,19:00,21:00,A102,IGOR,LCE-Matemática,8
JCE069 - Estágio Supervisionado de Docência em Matemática IV,Segunda,19:00,21:00,B201,BARBARA,LCE-Matemática,8
JCE069 - Estágio Supervisionado de Docência em Matemática IV,Segunda,21:00,23:00,B201,BARBARA,LCE-Matemática,8
JCE069 - Estágio Supervisionado de Docência em Matemática IV,Sábado,13:00,16:00,B201,BARBARA,LCE-Matemática,8
JCE067 - Modelagem Matemática,Terça,19:00,21:00,A109,WELLINGTON,LCE-Matemática,8
JCE101 - Análise Real,Terça,19:00,21:00,A109,IGOR,LCE-Matemática,8
JCE026 - Física II,Quarta,17:00,19:00,,,LCE-Química,2
JCE216 - Química Geral I,Quarta,19:00,20:00,,,LCE-Química,2
JCE215 - Química Geral Experimental I,Quarta,20:00,21:00,,,LCE-Química,2
JCE214 - Geometria Analítica,Quarta,21:00,23:00,,,LCE-Química,2
JCE115 - Fundamentos da Educação,Quinta,19:00,21:00,,,LCE-Química,2
JCE114 - Língua Brasileira de Sinais,Quinta,21:00,23:00,,,LCE-Química,2
JCE026 - Física II,Segunda,17:00,19:00,,,LCE-Química,2
JCE216 - Química Geral I,Segunda,19:00,21:00,,,LCE-Química,2
JCE213 - Introdução à Física,Segunda,21:00,23:00,,,LCE-Química,2
JCE116 - Pensamento Computacional,Sexta,19:00,21:00,,,LCE-Química,2
JCE116 - Pensamento Computacional,Sexta,21:00,23:00,,,LCE-Química,2
JCE052 - TCCII,Sábado,19:00,21:00,,,LCE-Química,2
JCE115 - Fundamentos da Educação,Terça,19:00,21:00,,,LCE-Química,2
JCE214 - Geometria Analítica,Terça,21:00,23:00,,,LCE-Química,2
JCE222 - Cálculo II,Quarta,19:00,21:00,,,LCE-Química,4
JCE224 - Física II,Quarta,19:00,21:00,,,LCE-Química,4
JCE034 - Química IV,Quarta,19:00,21:00,,,LCE-Química,4
JCE032 - MATEMÁTICA IV,Quarta,21:00,23:00,,,LCE-Química,4
JCE224 - Física II,Quinta,19:00,21:00,,,LCE-Química,4
JCE033 - Física IV,Quinta,19:00,21:00,,,LCE-Química,4
JCE223 - Física Experimental II,Quinta,21:00,23:00,,,LCE-Química,4
JCE226 - Química geral III,Segunda,19:00,22:00,,,LCE-Química,4
JCE033 - Física IV,Segunda,19:00,21:00,,,LCE-Química,4
JCE225 - Química Geral Experimental III,Segunda,22:00,23:00,,,LCE-Química,4
JCE119 - Tecnologias educacionais,Sexta,19:00,21:00,,,LCE-Química,4
JCE119 - Tecnologias educacionais,Sexta,21:00,23:00,,,LCE-Química,4
JCE118 - Educação Básica e Gestão escolar,Sábado,19:00,20:00,,,LCE-Química,4
JCE222 - Cálculo II,Terça,19:00,21:00,,,LCE-Química,4
JCE034 - Química IV,Terça,19:00,21:00,,,LCE-Química,4
JCE118 - Educação Básica e Gestão escolar,Terça,21:00,23:00,,,LCE-Química,4
JCE032 - MATEMÁTICA IV,Terça,21:00,23:00,,,LCE-Química,4
JCE231 - Estatística I,Quarta,19:00,21:00,,,LCE-Química,6
JCE056 - Química Orgânica II,Quarta,21:00,23:00,B309,EDUARDO,LCE-Química,6
JCE121 - Didática geral,Quinta,19:00,21:00,,,LCE-Química,6
JCE231 - Estatística I,Quinta,21:00,23:00,,,LCE-Química,6
JAN025 - Estatística e Probabilidade,Segunda,13:30,16:30,,,LCE-Química,6
JCE059 - Estágio Supervisionado de Docência em Química II,Segunda,19:00,21:00,A109,ANDRESSA,LCE-Química,6
JCE059 - Estágio Supervisionado de Docência em Química II,Segunda,21:00,23:00,A109,ANDRESSA,LCE-Química,6
JCE059 - Estágio Supervisionado de Docência em Química II,Sábado,13:30,16:30,A109,ANDRESSA,LCE-Química,6
JCE121 - Didática geral,Terça,19:00,21:00,,,LCE-Química,6
JCE056 - Química Orgânica II,Terça,21:00,23:00,B309,EDUARDO,LCE-Química,6
JCE070 - Estágio Supervisionado de Docência em Química IV,Quarta,19:00,21:00,B307,ANDRESSA,LCE-Química,8
JCE070 - Estágio Supervisionado de Docência em Química IV,Quarta,21:00,23:00,B307,ANDRESSA,LCE-Química,8
JCE066 - Química Ambiental,Quinta,19:00,21:00,B307,VAL,LCE-Química,8
JCE066 - Química Ambiental,Quinta,21:00,23:00,B307,VAL,LCE-Química,8
JCE070 - Estágio Supervisionado de Docência em Química IV,Sábado,13:30,16:30,C110,ANDRESSA,LCE-Química,8
JCE230 - Química e Sociedade,Terça,19:00,21:00,B307,ANDRESSA,LCE-Química,8
JCE230 - Química e Sociedade,Terça,21:00,23:00,B307,SUB_Quim,LCE-Química,8
JLC062 - Cálculo Diferencial e Integral,Quarta,13:30,15:30,C107,GALVAO,LCO,2
JAN025 - Estatística e Probabilidade,Segunda,13:30,16:30,C102,MARIANA,LCO,2
JLC004 - Algoritmos e Estrutura de Dados II,Sexta,13:30,15:30,,,LCO,2
JLC004 - Algoritmos e Estrutura de Dados II,Sexta,15:30,17:30,,,LCO,2
JLC062 - Cálculo Diferencial e Integral,Terça,15:30,17:30,C107,GALVAO,LCO,2
JLC008 - Sistemas Operacionais,Quarta,13:30,15:30,C103,RODRIGO,LCO,4
JLC033 - Banco de Dados,Quarta,15:30,17:30,C105,ROGERIO,LCO,4
JLC010 - Programação Orientada a Objetos,Quinta,13:30,15:30,C105,TINO,LCO,4
JAN021 - Comunicação em Língua Brasileira de Sinais – Libras,Quinta,15:30,17:30,C107,PAOLA_B,LCO,4
JLC010 - Programação Orientada a Objetos,Segunda,13:30,15:30,C103,TINO,LCO,4
JLC033 - Banco de Dados,Segunda,15:30,17:30,C105,ROGERIO,LCO,4
JAN030 - História da Ciência e da Tecnologia,Sexta,13:30,16:30,C107,BELETI,LCO,4
JLC038 - Prática Pedagógica IV,Sexta,16:30,18:30,C107,SUB_Comp,LCO,4
JLC063 - Álgebra Linear,Terça,13:30,15:30,C107,GALVAO,LCO,4
JLC008 - Sistemas Operacionais,Terça,15:30,17:30,C105,RODRIGO,LCO,4
JLC054 - Programação para Dispositivos Móveis,Quarta,13:30,15:30,C105,ROGERIO,LCO,6
JLC020 - Inteligência Artificial e Computacional,Quarta,15:30,17:30,C103,RODRIGO,LCO,6
JLC005 - Oficina de computação,Quinta,13:30,15:30,C103,PAULO,LCO,6
JLC034 - Prática Pedagógica VI,Quinta,15:30,17:30,C103,TINO,LCO,6
JLC054 - Programação para Dispositivos Móveis,Segunda,13:30,15:30,C105,ROGERIO,LCO,6
JLC034 - Prática Pedagógica VI,Segunda,15:30,17:30,C103,TINO,LCO,6
JLC005 - Oficina de computação,Sexta,15:30,17:30,C103,PAULO,LCO,6
JLC045 - Estágio Supervisionado II,Sábado,13:30,17:30,,MARCELO_F,LCO,6
JLC045 - Estágio Supervisionado II,Sábado,13:30,17:30,C103,BELETI,LCO,6
JLC045 - Estágio Supervisionado II,Sábado,13:30,17:30,C103,TINO,LCO,6
JLC020 - Inteligência Artificial e Computacional,Terça,13:30,15:30,C105,RODRIGO,LCO,6
JLC040 - Prática Pedagógica VIII,Quinta,13:30,16:30,C106,SUB_Comp,LCO,8
JLC067 - Estágio Supervisionado IV,Sábado,07:30,17:30,C106,TINO,LCO,8
JLC067 - Estágio Supervisionado IV,Sábado,07:30,17:30,C106,MARCELO_F,LCO,8
JLC021 - Trabalho de Conclusão de Curso II,Sábado,15:30,17:30,,MAYTE,LCO,8
JLC021 - Trabalho de Conclusão de Curso II,Sábado,15:30,17:30,,RODRIGO,LCO,8
JLC021 - Trabalho de Conclusão de Curso II,Sábado,15:30,17:30,,ROGERIO,LCO,8
